INSERT INTO Jockey (jockeyid, nom, prenom, nationalite, poids, discipline, gain)
VALUES
-- Jockeys de Galop
(1, 'Barzalona', 'Mickaël', 'Francais', 56.3, 'Galop', 0),
(2, 'Guyon', 'Maxime', 'Francais', 57.3, 'Galop', 0),
(3, 'Pouchin', 'Alexis', 'Francais', 58.6, 'Galop', 0),
(4, 'Soumillon', 'Christophe', 'Belge', 55.5, 'Galop', 0),
(5, 'Lefebvre', 'Clément', 'Francais', 53.8, 'Galop', 0),
(6, 'Bachelot', 'Théo', 'Francais', 52.4, 'Galop', 0),
(7, 'Pasquier', 'Stéphane', 'Francais', 59.6, 'Galop', 0),
(8, 'Vélon', 'Marie', 'Francais', 51.5, 'Galop', 0),
(9, 'Piccone', 'Tony', 'Francais', 55.3, 'Galop', 0),
(10, 'Wayne', 'Jordan', 'Irlandais', 60.5, 'Galop', 0),
(11, 'Keane', 'Colin', 'Irlandais', 58.6, 'Galop', 0),
(12, 'Atzeni', 'Andrea', 'Italien', 60.8, 'Galop', 0),
(13, 'McMonagle', 'Dylan', 'Irlandais', 59.2, 'Galop', 0),
(14, 'Mendizabal', 'Ioritz', 'Espagnol', 58.5, 'Galop', 0),
(15, 'Kitamura', 'Yuichi', 'Japonais', 57.3, 'Galop', 0),
(16, 'Murphy', 'Oisin', 'Irlandais', 56.1, 'Galop', 0),
(17, 'Demuro', 'Cristian', 'Italien', 54.5, 'Galop', 0),
(18, 'Buick', 'William', 'Anglais', 61.8, 'Galop', 0),
(19, 'Foley', 'Shane', 'Australien', 57.5, 'Galop', 0),
(20, 'Lemaire', 'Christophe', 'Francais', 56.2, 'Galop', 0),
(21, 'Marquand', 'Tom', 'Anglais', 60.8, 'Galop', 0),
(22, 'Doyle', 'Hollie', 'Anglais', 51.1, 'Galop', 0),
(23, 'Orani', 'Antonio', 'Francais', 54.1, 'Galop', 0),
(24, 'Madamet', 'Augustin', 'Francais', 53.9, 'Galop', 0),
(25, 'Michel', 'Mickaëlle', 'Francais', 50.9, 'Galop', 0),
(26, 'Thomas', 'Ronan', 'Francais', 58.2, 'Galop', 0),
(27, 'Journiac', 'Hugo', 'Francais', 55.9, 'Galop', 0),
(28, 'Roussel', 'Alexandre', 'Francais', 56.1, 'Galop', 0),
(29, 'Molins', 'Ambre', 'Francais', 49.4, 'Galop', 0),
(30, 'Pacaut', 'Coralie', 'Francais', 50.2, 'Galop', 0),
(31, 'Eon', 'Marie', 'Francais', 51.5, 'Galop', 0),
(32, 'Chevillard', 'Théo', 'Francais', 54.5, 'Galop', 0),
(33, 'Tosaki', 'Kaito', 'Japonais', 55.8, 'Galop', 0),
(34, 'Moreira', 'Joao', 'Brésilien', 52.2, 'Galop', 0),
(35, 'Crastus', 'Anthony', 'Francais', 56.7, 'Galop', 0),
(36, 'Martin', 'Sophie', 'Francais', 52.9, 'Galop', 0),
(37, 'Lane', 'Damien', 'Australien', 59.6, 'Galop', 0),
(38, 'Lopez', 'Carlos', 'Espagnol', 57.1, 'Galop', 0),
(39, 'Gonzalez', 'Santiago', 'Espagnol', 60.3, 'Galop', 0),
(40, 'Moore', 'Ryan', 'Anglais', 59.2, 'Galop', 0),

-- Drivers de Trot 
(41, 'Raffin', 'Eric', 'Francais', 62.3, 'Trot', 0),
(42, 'Bazire', 'Jean-Michel', 'Francais', 66.4, 'Trot', 0),
(43, 'Abrivard', 'Matthieu', 'Francais', 61.1, 'Trot', 0),
(44, 'Abrivard', 'Alexandre', 'Francais', 59.4, 'Trot', 0),
(45, 'Thomain', 'David', 'Francais', 63.3, 'Trot', 0),
(46, 'Rochard', 'Benjamin', 'Francais', 62.7, 'Trot', 0),
(47, 'Lebourgeois', 'Yoann', 'Francais', 61.6, 'Trot', 0),
(48, 'Nivard', 'Franck', 'Francais', 62.5, 'Trot', 0),
(49, 'Barrier', 'Anthony', 'Francais', 64.3, 'Trot', 0),
(50, 'Gelormini', 'Gabriele', 'Italien', 60.2, 'Trot', 0),
(51, 'Monclin', 'Jean-Philippe', 'Francais', 61.3, 'Trot', 0),
(52, 'LeBeller', 'Tony', 'Francais', 63.4, 'Trot', 0),
(53, 'Derieux', 'Romain', 'Francais', 62.7, 'Trot', 0),
(54, 'Vercruysse', 'Pierre', 'Francais', 64.7, 'Trot', 0),
(55, 'Ensch', 'Nicolas', 'Francais', 65.7, 'Trot', 0),
(56, 'Guelpa', 'Junior', 'Francais', 62.6, 'Trot', 0),
(57, 'Daugeard', 'Philippe', 'Francais', 63.7, 'Trot', 0),
(58, 'Ouvrie', 'Franck', 'Francais', 61.1, 'Trot', 0),
(59, 'Mottier', 'Mathieu', 'Francais', 59.3, 'Trot', 0),
(60, 'Ploquin', 'Paul-Philippe', 'Francais', 58.5, 'Trot', 0),
(61, 'Duvaldestin', 'Théo', 'Francais', 57.9, 'Trot', 0),
(62, 'Duvaldestin', 'Clément', 'Francais', 56.4, 'Trot', 0),
(63, 'Bekaert', 'David', 'Francais', 62.3, 'Trot', 0),
(64, 'Roubaud', 'Jean-Marie', 'Francais', 64.1, 'Trot', 0),
(65, 'Verva', 'Pierre-Yves', 'Francais', 63.5, 'Trot', 0),
(66, 'Callier', 'Pierre', 'Francais', 64.6, 'Trot', 0),
(67, 'Lamy', 'Etienne', 'Francais', 59.9, 'Trot', 0),
(68, 'Souloy', 'Fabrice', 'Francais', 65.3, 'Trot', 0),
(69, 'Bigeon', 'Christian', 'Francais', 63.2, 'Trot', 0),
(70, 'Wiels', 'Antoine', 'Francais', 62.8, 'Trot', 0),
(71, 'LeBeller', 'Bertrand', 'Francais', 61.6, 'Trot', 0),
(72, 'Monthule', 'Hugues', 'Francais', 61.4, 'Trot', 0),
(73, 'Martin', 'Guillaume', 'Francais', 59.3, 'Trot', 0),
(74, 'Gocciadoro', 'Alessandro', 'Italien', 62.4, 'Trot', 0),
(75, 'Goop', 'Bjorn', 'Suedois', 61.6, 'Trot', 0),
(76, 'Verbeeck', 'Jos', 'Belge', 64.2, 'Trot', 0),
(77, 'Tiepolo', 'Luca', 'Italien', 63.6, 'Trot', 0),
(78, 'Berg', 'Erik', 'Suedois', 62.9, 'Trot', 0),
(79, 'Silva', 'Carlos', 'Portugais', 60.8, 'Trot', 0),
(80, 'Johansson', 'Oskar', 'Suedois', 61.9, 'Trot', 0);


INSERT INTO Cheval (chevalid, nom, datenaiss, race, sexe, poids, discipline, gain)
VALUES 
-- Galop
(1, 'Giavellotto', '2019-04-10', 'Pur-sang', 'M', 565.4, 'Galop', 0),
(2, 'White Birch', '2020-03-27', 'Pur-sang', 'M', 540.2, 'Galop', 0),
(3, 'Arrow Eagle', '2021-02-11', 'Pur-sang', 'M', 568.7, 'Galop', 0),
(4, 'Sosie', '2021-05-02', 'Pur-sang', 'M', 553.1, 'Galop', 0),
(5, 'Los Angeles', '2021-07-02', 'Pur-sang', 'M', 578.5, 'Galop', 0),
(6, 'Bizantine Dream', '2021-11-15', 'Pur-sang', 'M', 548.3, 'Galop', 0),
(7, 'Estrange', '2021-09-05', 'Pur-sang', 'F', 554.6, 'Galop', 0),
(8, 'Quisisana', '2020-03-19', 'Pur-sang', 'F', 592.2, 'Galop', 0),
(9, 'Kalpana', '2021-05-30', 'Pur-sang', 'F', 520.8, 'Galop', 0),
(10, 'Aventure', '2021-04-14', 'Pur-sang', 'F', 528.4, 'Galop', 0),
(11, 'Daryz', '2022-05-02', 'Pur-sang', 'M', 542.1, 'Galop', 0),
(12, 'Leffard', '2021-01-22', 'Pur-sang', 'M', 559.9, 'Galop', 0),
(13, 'Cualificar', '2020-04-05', 'Pur-sang', 'M', 568.3, 'Galop', 0),
(14, 'Hotazhell', '2020-02-28', 'Pur-sang', 'M', 573.5, 'Galop', 0),
(15, 'Croix du Nord', '2021-03-22', 'Pur-sang', 'M', 551.2, 'Galop', 0),
(16, 'Alohi Alii', '2019-02-10', 'Pur-sang', 'F', 538.7, 'Galop', 0),
(17, 'Minnie Hauk', '2022-04-15', 'Pur-sang', 'F', 524.3, 'Galop', 0),
(18, 'Gezora', '2021-04-01', 'Pur-sang', 'F', 533.6, 'Galop', 0),
(19, 'Il Est Français', '2017-04-24', 'AQPS', 'H', 590.5, 'Galop', 0),
(20, 'Hello Youmzain', '2016-03-18', 'Pur-sang', 'M', 575.2, 'Galop', 0),
(21, 'Juntos Ganamos', '2019-05-11', 'Anglo-Arabe', 'H', 515.8, 'Galop', 0),
(22, 'Télème', '2018-02-20', 'AQPS', 'H', 588.4, 'Galop', 0),
(23, 'Jelitobum', '2019-03-09', 'AQPS', 'M', 567.1, 'Galop', 0),
(24, 'Icare Allen', '2018-03-30', 'Pur-sang', 'M', 555.3, 'Galop', 0),
(25, 'Jippie du Cerisier', '2019-04-14', 'Anglo-Arabe', 'F', 505.6, 'Galop', 0),
(26, 'Raffles Face', '2017-05-22', 'Selle Français', 'H', 610.2, 'Galop', 0),
(27, 'Hermès Baie', '2017-02-13', 'Selle Français', 'H', 620.5, 'Galop', 0),
(28, 'Goliath du Berlais', '2016-04-12', 'Selle Français', 'M', 630.1, 'Galop', 0),
(29, 'Big Rock', '2020-03-11', 'Pur-sang', 'M', 565.4, 'Galop', 0),
(30, 'Feed The Flame', '2020-02-02', 'Pur-sang', 'M', 575.7, 'Galop', 0),
(31, 'Blue Rose Cen', '2020-04-27', 'Pur-sang', 'F', 510.3, 'Galop', 0),
(32, 'Ace Impact', '2020-04-06', 'Pur-sang', 'M', 570.2, 'Galop', 0),
(33, 'Horizon Dore', '2020-04-08', 'Pur-sang', 'H', 560.8, 'Galop', 0),
(34, 'Simca Mille', '2019-04-21', 'Pur-sang', 'M', 580.4, 'Galop', 0),
(35, 'Astre Royal', '2021-04-19', 'AQPS', 'M', 560.6, 'Galop', 0),
(36, 'Quintessia', '2020-03-12', 'Pur-sang Arabe', 'F', 470.2, 'Galop', 0),
(37, 'Emerald Falcon', '2019-05-07', 'Anglo-Arabe', 'M', 510.9, 'Galop', 0),
(38, 'Tornado Lys', '2022-03-30', 'Pur-sang', 'M', 545.3, 'Galop', 0),
(39, 'Saphir d’Empire', '2018-04-02', 'Selle Français', 'F', 620.1, 'Galop', 0),
(40, 'Vol de Minuit', '2021-05-25', 'Pur-sang', 'F', 518.5, 'Galop', 0),
-- Trot
(41, 'Idao de Tillard', '2018-04-12', 'Trotteur Francais', 'M', 510.00, 'Trot', 0),
(42, 'Horsy Dream', '2017-03-22', 'Trotteur Francais', 'M', 495.50, 'Trot', 0),
(43, 'Hooker Berry', '2017-05-10', 'Trotteur Francais', 'M', 460.00, 'Trot', 0),
(44, 'Hokkaido Jiel', '2017-02-14', 'Trotteur Francais', 'M', 525.00, 'Trot', 0),
(45, 'Go On Boy', '2016-04-01', 'Trotteur Francais', 'M', 480.00, 'Trot', 0),
(46, 'Hussard du Landret', '2017-04-20', 'Trotteur Francais', 'M', 505.00, 'Trot', 0),
(47, 'Italiano Vero', '2018-03-15', 'Trotteur Francais', 'M', 515.00, 'Trot', 0),
(48, 'Izoard Vedaquais', '2018-05-02', 'Trotteur Francais', 'M', 530.00, 'Trot', 0),
(49, 'Gu d''Heripre', '2016-03-08', 'Trotteur Francais', 'M', 500.00, 'Trot', 0),
(50, 'Emeraude de Bais', '2014-04-18', 'Trotteur Francais', 'F', 455.00, 'Trot', 0),
(51, 'Vivid Wise As', '2014-02-01', 'Trotteur Italien', 'M', 490.00, 'Trot', 0),
(52, 'San Moteur', '2017-05-20', 'Standardbred', 'M', 485.00, 'Trot', 0),
(53, 'Ampia Mede Sm', '2016-03-30', 'Trotteur Italien', 'F', 470.00, 'Trot', 0),
(54, 'Hail Mary', '2016-04-12', 'Standardbred', 'M', 512.00, 'Trot', 0),
(55, 'Don Fanucci Zet', '2016-05-05', 'Standardbred', 'M', 500.00, 'Trot', 0),
(56, 'Vernissage Grif', '2014-03-10', 'Trotteur Italien', 'M', 508.00, 'Trot', 0),
(57, 'Joviality', '2019-04-25', 'Standardbred', 'F', 460.00, 'Trot', 0),
(58, 'Capital Mail', '2018-02-18', 'Trotteur Italien', 'M', 495.00, 'Trot', 0),
(59, 'Banderas Bi', '2017-01-15', 'Trotteur Italien', 'M', 488.00, 'Trot', 0),
(60, 'Bengurion Jet', '2017-03-22', 'Trotteur Italien', 'M', 502.00, 'Trot', 0),
(61, 'Jushua Tree', '2019-02-14', 'Trotteur Francais', 'M', 520.00, 'Trot', 0),
(62, 'Just A Gigolo', '2019-03-10', 'Trotteur Francais', 'M', 490.00, 'Trot', 0),
(63, 'Koctel du Dain', '2020-04-05', 'Trotteur Francais', 'M', 485.00, 'Trot', 0),
(64, 'Kana de Beylev', '2020-02-28', 'Trotteur Francais', 'F', 465.00, 'Trot', 0),
(65, 'Krack Time Atout', '2020-05-12', 'Trotteur Francais', 'M', 500.00, 'Trot', 0),
(66, 'Kyrielle', '2020-03-15', 'Trotteur Francais', 'F', 450.00, 'Trot', 0),
(67, 'Liza Josselyn', '2021-04-20', 'Trotteur Francais', 'F', 440.00, 'Trot', 0),
(68, 'Luciano Menuet', '2021-03-01', 'Trotteur Francais', 'M', 475.00, 'Trot', 0),
(69, 'Lovino Bello', '2021-02-10', 'Trotteur Francais', 'M', 480.00, 'Trot', 0),
(70, 'Jack Tonic', '2019-05-05', 'Trotteur Francais', 'M', 495.00, 'Trot', 0),
(71, 'Etonnant', '2014-05-15', 'Trotteur Francais', 'M', 540.00, 'Trot', 0),
(72, 'Delia du Pommereux', '2013-04-22', 'Trotteur Francais', 'F', 465.00, 'Trot', 0),
(73, 'Diable de Vauvert', '2013-03-18', 'Trotteur Francais', 'M', 515.00, 'Trot', 0),
(74, 'Elie de Beaufour', '2014-02-28', 'Trotteur Francais', 'H', 525.00, 'Trot', 0),
(75, 'Fakir de Mahey', '2015-04-10', 'Trotteur Francais', 'M', 500.00, 'Trot', 0),
(76, 'Ganay de Banville', '2016-01-20', 'Trotteur Francais', 'M', 530.00, 'Trot', 0),
(77, 'Gaspar de Brion', '2016-05-12', 'Trotteur Francais', 'H', 490.00, 'Trot', 0),
(78, 'Happy Valley', '2017-04-05', 'Trotteur Francais', 'F', 460.00, 'Trot', 0),
(79, 'Inmarosa', '2018-03-30', 'Trotteur Francais', 'F', 455.00, 'Trot', 0),
(80, 'Ideal du Pommeau', '2018-02-15', 'Trotteur Francais', 'M', 505.00, 'Trot', 0);


INSERT INTO Entraineur (entraineurid, nom, prenom, nationalite, gain)
VALUES 
-- Galop
(1, 'Fabre', 'André', 'Francais', 0),        -- Entraîne Sosie, Tribalist...
(2, 'O''Brien', 'Aidan', 'Irlandais', 0),    -- Entraîne Los Angeles, City of Troy
(3, 'Rouget', 'Jean-Claude', 'Francais', 0), -- Entraîne Ace Impact, Arrow Eagle
(4, 'Graffard', 'Francis-Henri', 'Francais', 0), -- Entraîne Calandagan, Goliath
(5, 'Head', 'Christopher', 'Francais', 0),   -- Entraîne Blue Rose Cen, Ramatuelle
(6, 'Botti', 'Marco', 'Italien', 0),         -- Entraîne Giavellotto
(7, 'Murphy', 'John-Joseph', 'Irlandais', 0),-- Entraîne White Birch
(8, 'Reynier', 'Jérôme', 'Francais', 0),     -- Entraîne Facteur Cheval
(9, 'Cottier', 'Patrice', 'Francais', 0),    -- Entraîne Sparkling Plenty
(10, 'Barberot', 'Yann', 'Francais', 0),     -- Entraîne Beauvatier
(11, 'Ferland', 'Christophe', 'Francais', 0),-- Entraîne Aventure
(12, 'Wattel', 'Stéphane', 'Francais', 0),   -- Entraîne Big Rock (ex-entraîneur)
(13, 'Appleby', 'Charlie', 'Anglais', 0),    -- Godolphin (Rebel's Romance)
(14, 'Haggas', 'William', 'Anglais', 0),     -- Entraîne Economics
(15, 'George', 'Noel', 'Anglais', 0),        -- Entraîne Il Est Français
(16, 'Chaillé-Chaillé', 'Arnaud', 'Francais', 0), -- Entraîne Télème
(17, 'Nicolle', 'François', 'Francais', 0),  -- Entraîne Hermès Baie
(18, 'Macaire', 'Guillaume', 'Francais', 0), -- Entraîne Goliath du Berlais (historique)
(19, 'Cottin', 'David', 'Francais', 0),      -- Entraîne Juntos Ganamos
(20, 'Leenders', 'Gabriel', 'Francais', 0),  -- Top entraîneur obstacle

-- trot
(21, 'Duvaldestin', 'Thierry', 'Francais', 0), -- Entraîne Idao de Tillard
(22, 'Belloche', 'Pierre', 'Francais', 0),     -- Entraîne Horsy Dream
(23, 'Bazire', 'Jean-Michel', 'Francais', 0),  -- Entraîne Hooker Berry, Jushua Tree
(24, 'Dersoir', 'Jean-Luc', 'Francais', 0),    -- Entraîne Hokkaido Jiel
(25, 'Derieux', 'Romain', 'Francais', 0),      -- Entraîne Go On Boy
(26, 'Robin', 'Benoît', 'Francais', 0),        -- Entraîne Hussard du Landret
(27, 'Allaire', 'Philippe', 'Francais', 0),    -- Entraîne Italiano Vero, Koctel du Dain
(28, 'Guarato', 'Sébastien', 'Francais', 0),   -- Entraîne Krack Time Atout
(29, 'Souloy', 'Fabrice', 'Francais', 0),      -- Entraîne Ampia Mede SM, Gu d'Héripré
(30, 'Goop', 'Bjorn', 'Suedois', 0),           -- Entraîne San Moteur, Joviality (parfois)
(31, 'Gocciadoro', 'Alessandro', 'Italien', 0),-- Entraîne Vivid Wise As, Vernissage Grif
(32, 'Redén', 'Daniel', 'Suedois', 0),         -- Entraîne Don Fanucci Zet, Hail Mary
(33, 'Abrivard', 'Laurent-Claude', 'Francais', 0), -- Entraîne Inmarosa, Just A Gigolo
(34, 'Mottier', 'Mathieu', 'Francais', 0),     -- Spécialiste Monté & Attelé
(35, 'Bigeon', 'Christian', 'Francais', 0),    -- Entraîne Hip Hop Haufor
(36, 'Thomain', 'Clément', 'Francais', 0),     -- Famille Thomain
(37, 'Malmqvist', 'Tomas', 'Suedois', 0),      -- Entraîne Jazzy Perrine
(38, 'Westerink', 'Richard', 'Hollandais', 0), -- Entraîne Etonnant
(39, 'Roger', 'Sylvain', 'Francais', 0),       -- Entraîne Délia du Pommereux
(40, 'Nivard', 'Franck', 'Francais', 0);       -- Entraîne aussi (ex: Kool du Caux jadis)

INSERT INTO Propietaire (proprietaireid, ecurie, nom, prenom, nationalite, gain)
VALUES 
-- Galop
(1, NULL, 'Wertheimer', 'Alain', 'Francais', 0),
(2, NULL, 'Augustin-Normand', 'Gérard', 'Francais', 0),
(3, NULL, 'Rothschild', 'Edouard', 'Francais', 0),
(4, NULL, 'Bouchard', 'Jean-Louis', 'Francais', 0),
(5, NULL, 'Pariente', 'Guy', 'Francais', 0),
(6, NULL, 'Seroul', 'Jean-Claude', 'Francais', 0),
(7, NULL, 'Caro', 'Antonio', 'Espagnol', 0),
(8, NULL, 'Magnier', 'John', 'Irlandais', 0),       
(9, NULL, 'Tabor', 'Michael', 'Anglais', 0),         
(10, NULL, 'Smith', 'Derrick', 'Anglais', 0),        
(11, 'Godolphin', 'Al Maktoum', 'Mohammed', 'Emirati', 0), 
(12, 'Aga Khan Studs', 'Aga Khan', 'Karim', 'Francais', 0),
(13, 'Juddmonte Farms', NULL, NULL, 'Saoudien', 0),
(14, 'Al Shaqab Racing', 'Al Thani', 'Joaan', 'Qatari', 0),
(15, 'Wathnan Racing', 'Al Thani', 'Tamim', 'Qatari', 0),
(16, 'White Birch Farm', 'Brant', 'Peter', 'Americain', 0),
(17, 'Gousserie Racing', 'Chehboub', 'Pauline', 'Francais', 0),
(18, 'Ecurie des Monceaux', 'Bozo', 'Henri', 'Francais', 0),
(19, 'Niarchos Family', 'Niarchos', 'Maria', 'Grec', 0),
(20, 'Yeguada Centurion', NULL, NULL, 'Espagnol', 0),

-- Trot
(21, 'Ecurie des Charmes', 'Urano', 'Lucien', 'Francais', 0),
(22, 'Ecurie Duvaldestin', 'Duvaldestin', 'Thierry', 'Francais', 0),
(23, 'Ecurie Luck', 'Luck', 'Jean', 'Francais', 0),
(24, 'Ecurie Quick Star', 'Esper', 'Maik', 'Francais', 0),
(25, 'Ecurie Hunter Valley', 'Millet', 'Matthieu', 'Francais', 0),
(26, 'Ecurie Vedaquais', 'Allaire', 'Philippe', 'Francais', 0),
(27, 'Ecurie Le Tremont', 'Souloy', 'Fabrice', 'Francais', 0),
(28, 'Ecurie Griff', 'Griff', 'Yannick', 'Francais', 0),
(29, 'Ecurie Dry', 'Dry', 'Gérard', 'Francais', 0),
(30, 'Ecurie Rythm', 'Bazire', 'Jean-Michel', 'Francais', 0),
(31, NULL, 'Pilarski', 'Pierre', 'Francais', 0),
(32, NULL, 'Barjon', 'Jean-Pierre', 'Francais', 0),
(33, NULL, 'Bernereau', 'Jean-Pierre', 'Francais', 0),
(34, NULL, 'Foulon', 'Jacques', 'Francais', 0),
(35, NULL, 'Dewulf', 'Géry', 'Belge', 0),
(36, NULL, 'Seche', 'Joël', 'Francais', 0),
(37, 'Scuderia Bivans', 'Somma', 'Antonio', 'Italien', 0),
(38, 'Stall Zet', 'Reden', 'Daniel', 'Suedois', 0),
(39, 'Courant AB', 'Strom', 'Anders', 'Suedois', 0),
(40, 'Stall Bryssel', NULL, NULL, 'Suedois', 0);


INSERT INTO Appartient (proprietaireid, chevalid, part)
VALUES 
-- CHEVAUX GALOP (1-40)
(7, 1, 100),   -- Giavellotto (Gousserie/Caro)
(16, 2, 100),  -- White Birch (White Birch Farm)
(1, 3, 100),   -- Arrow Eagle (Wertheimer)
(1, 4, 100),   -- Sosie (Wertheimer)
(8, 5, 34),    -- Los Angeles (Magnier)
(9, 5, 33),    -- Los Angeles (Tabor)
(10, 5, 33),   -- Los Angeles (Smith)
(1, 6, 100),   -- Bizantine Dream
(1, 7, 100),   -- Estrange
(13, 8, 100),  -- Quisisana (Juddmonte)
(13, 9, 100),  -- Kalpana (Juddmonte)
(1, 10, 100),  -- Aventure
(12, 11, 100), -- Daryz (Aga Khan)
(12, 12, 100), -- Leffard
(12, 13, 100), -- Cualificar
(11, 14, 100), -- Hotazhell (Godolphin)
(15, 15, 100), -- Croix du Nord (Wathnan)
(5, 16, 100),  -- Alohi Alii (Pariente)
(19, 17, 100), -- Minnie Hauk (Niarchos)
(7, 18, 100),  -- Gezora (Caro)
(16, 19, 100), -- Il Est Français (White Birch)
(17, 21, 100), -- Juntos Ganamos (Gousserie)
(4, 22, 100),  -- Télème (Bouchard)
(4, 23, 100),  -- Jelitobum
(8, 24, 34),   -- Icare Allen (Coolmore 1)
(9, 24, 33),   -- Icare Allen (Coolmore 2)
(10, 24, 33),  -- Icare Allen (Coolmore 3)
(17, 25, 50),  -- Jippie du Cerisier (Gousserie)
(7, 25, 50),   -- Jippie du Cerisier (Caro)
(3, 26, 100),  -- Raffles Face (Rothschild)
(5, 27, 100),  -- Hermès Baie (Pariente)
(18, 28, 50),  -- Goliath du Berlais (Monceaux)
(16, 28, 50),  -- Goliath du Berlais (White Birch)
(20, 29, 50),  -- Big Rock (Centurion)
(18, 29, 50),  -- Big Rock (Monceaux)
(4, 30, 50),   -- Feed The Flame (Bouchard)
(2, 30, 50),   -- Feed The Flame (Augustin-Normand)
(20, 31, 100), -- Blue Rose Cen
(17, 32, 50),  -- Ace Impact (Gousserie)
(2, 32, 50),   -- Ace Impact (Augustin-Normand)
(17, 33, 50),  -- Horizon Dore (Gousserie)
(2, 33, 50),   -- Horizon Dore (Augustin-Normand)
(5, 34, 50),   -- Simca Mille (Pariente)
(6, 34, 50),   -- Simca Mille (Seroul)
(2, 35, 50),   -- Astre Royal (Augustin-Normand)
(3, 35, 50),   -- Astre Royal (Rothschild)
(18, 36, 100), -- Quintessia (Monceaux)
(15, 37, 100), -- Emerald Falcon (Wathnan)
(1, 38, 100),  -- Tornado Lys
(3, 39, 100),  -- Saphir d'Empire
(11, 40, 100), -- Vol de Minuit

-- CHEVAUX TROT (41-80)
(22, 41, 100), -- Idao de Tillard
(21, 42, 50),  -- Horsy Dream (Charmes)
(25, 42, 50),  -- Horsy Dream (Hunter Valley)
(32, 43, 100), -- Hooker Berry
(23, 44, 100), -- Hokkaido Jiel
(25, 45, 100), -- Go On Boy
(21, 46, 100), -- Hussard du Landret
(26, 47, 100), -- Italiano Vero
(26, 48, 100), -- Izoard Vedaquais
(25, 49, 100), -- Gu d'Héripré
(21, 50, 100), -- Emeraude de Bais
(37, 51, 100), -- Vivid Wise As
(38, 52, 100), -- San Moteur
(37, 53, 100), -- Ampia Mede SM
(39, 54, 100), -- Hail Mary
(38, 55, 100), -- Don Fanucci Zet
(28, 56, 100), -- Vernissage Grif
(39, 57, 100), -- Joviality
(24, 60, 100), -- Bengurion Jet
(21, 61, 100), -- Jushua Tree
(22, 62, 100), -- Just A Gigolo
(23, 63, 100), -- Koctel du Dain
(29, 64, 100), -- Kana de Beylev
(27, 65, 100), -- Krack Time Atout
(30, 66, 100), -- Kyrielle
(22, 67, 100), -- Liza Josselyn
(25, 68, 100), -- Luciano Menuet
(36, 69, 100), -- Lovino Bello
(32, 70, 100), -- Jack Tonic
(21, 71, 100), -- Etonnant
(34, 72, 100), -- Délia du Pommereux
(27, 73, 100), -- Diable de Vauvert
(30, 74, 100), -- Elie de Beaufour
(31, 75, 50),  -- Fakir de Mahey (Pilarski)
(33, 75, 50),  -- Fakir de Mahey (Bernereau)
(30, 76, 50),  -- Ganay de Banville (Rythm)
(31, 76, 50),  -- Ganay de Banville (Pilarski)
(24, 77, 50),  -- Gaspar de Brion (Quick Star)
(34, 77, 50),  -- Gaspar de Brion (Foulon)
(25, 78, 70),  -- Happy Valley (Hunter Valley)
(23, 78, 30),  -- Happy Valley (Luck)
(35, 79, 50),  -- Inmarosa (Dewulf)
(21, 79, 50),  -- Inmarosa (Charmes)
(30, 80, 50),  -- Ideal du Pommeau (Bazire)
(26, 80, 50);  -- Ideal du Pommeau (Vedaquais)


INSERT INTO Organisateur (organisateurid, nom, discipline, tresorerie)
VALUES (1, 'France Galop', 'Galop', 50000000),
(2, 'Société du Trotteur Français', 'Trot', 45000000), 
(3, 'Pari Mutuel Urbain', 'Mixte', 80000000),
(4, 'British Horseracing Authority', 'Galop', 20000000), 
(5, 'Horse Racing Ireland', 'Galop', 15000000),      
(6, 'Dubai Racing Club', 'Galop', 90000000),       
(7, 'Japan Racing Association', 'Galop', 85000000), 
(8, 'The Jockey Club USA', 'Galop', 30000000),     
(9, 'Hong Kong Jockey Club', 'Galop', 95000000),   
(10, 'Deutscher Galopp', 'Galop', 8000000),        
(11, 'Saudi Jockey Club', 'Galop', 99000000),      
(12, 'Racing Victoria Limited', 'Galop', 12000000), 
(13, 'Svensk Travsport', 'Trot', 18000000),        
(14, 'US Trotting Association', 'Trot', 25000000), 
(15, 'Ministero Politiche Agricole', 'Trot', 10000000), 
(16, 'Union Européenne du Trot', 'Trot', 5000000),  
(17, 'Société des Courses de Deauville', 'Galop', 6000000),
(18, 'Société des Courses Côte d''Azur', 'Mixte', 5000000),  
(19, 'Société des Courses de Pau', 'Galop', 3000000),    
(20, 'Société des Courses de Vichy', 'Mixte', 3500000),
(21, 'Société des Courses de Craon', 'Mixte', 2000000),     
(22, 'Société des Courses de Nantes', 'Mixte', 1500000),
(23, 'Société des Courses de Lyon', 'Mixte', 2000000),
(24, 'Société Sportive de Marseille', 'Mixte', 1800000),
(25, 'Société des Courses de Cabourg', 'Trot', 2500000),    
(26, 'Société des Courses de Laval', 'Trot', 2200000),
(27, 'Société des Courses d''Angers', 'Mixte', 1600000),
(28, 'Société des Courses de Caen', 'Trot', 2100000),
(29, 'Société des Courses de Reims', 'Trot', 1400000),      
(30, 'Société des Courses d''Amiens', 'Trot', 1300000);


INSERT INTO Course (courseid, nom, date_c, discipline, sousdiscipline, distance, groupe, cashprize, lieu, organisateurid)
VALUES
--RÉUNION TEST 1
(51, 'Prix Camille Blaisot', '2025-01-26 13:50', 'Trot', 'Monté', 2175, 2, 120000, 'Vincennes', 2),
(52, 'Prix Charles Tiercelin', '2025-01-26 14:25', 'Trot', 'Attelé', 2700, 2, 120000, 'Vincennes', 2),
(53, 'Prix Bold Eagle', '2025-01-26 15:00', 'Trot', 'Attelé', 2100, 1, 300000, 'Vincennes', 2),
(54, 'Prix Ourasi', '2025-01-26 15:35', 'Trot', 'Attelé', 2700, 1, 300000, 'Vincennes', 2),
(2, 'Prix d''Amérique Legend Race', '2025-01-26 16:25', 'Trot', 'Attelé', 2700, 1, 1000000, 'Vincennes', 2),
-- RÉUNION TEST 2
(55, 'Prix de l''Abbaye', '2025-10-05 14:15', 'Galop', 'Plat', 1000, 1, 350000, 'ParisLongchamp', 1),
(56, 'Prix Marcel Boussac', '2025-10-05 14:55', 'Galop', 'Plat', 1600, 1, 400000, 'ParisLongchamp', 1),
(57, 'Prix Jean-Luc Lagardère', '2025-10-05 15:35', 'Galop', 'Plat', 1400, 1, 400000, 'ParisLongchamp', 1),
(1, 'Prix de l''Arc de Triomphe', '2025-10-05 16:05', 'Galop', 'Plat', 2400, 1, 5000000, 'ParisLongchamp', 1),
(58, 'Prix de l''Opéra', '2025-10-05 16:50', 'Galop', 'Plat', 2000, 1, 500000, 'ParisLongchamp', 1),
-- RÉUNION TEST 3
(59, 'Prix Ferdinand Dufaure', '2025-05-18 14:40', 'Obstacle', 'Steeple', 4400, 1, 350000, 'Auteuil', 1),
(60, 'Prix Alain du Breil', '2025-05-18 15:30', 'Obstacle', 'Haies', 3900, 1, 250000, 'Auteuil', 1),
(36, 'Grand Steeple-Chase de Paris', '2025-05-18 16:00', 'Obstacle', 'Steeple', 6000, 1, 850000, 'Auteuil', 1),
-- CLASH HORAIRE (Pour test conflit)
(3, 'Grand Prix du PMU', '2025-05-18 15:15', 'Galop', 'Plat', 1600, 2, 120000, 'ParisLongchamp', 3),
-- courses
(4, 'Epsom Derby', '2025-06-07 16:30', 'Galop', 'Plat', 2420, 1, 1800000, 'Epsom Downs', 4),
(5, 'Irish Champion Stakes', '2025-09-13 15:45', 'Galop', 'Plat', 2000, 1, 1250000, 'Leopardstown', 5),
(6, 'Dubai World Cup', '2025-04-05 20:35', 'Galop', 'Plat', 2000, 1, 12000000, 'Meydan', 6),
(7, 'Japan Cup', '2024-11-24 15:40', 'Galop', 'Plat', 2400, 1, 6500000, 'Tokyo', 7),
(8, 'Breeders Cup Turf', '2024-11-02 17:40', 'Galop', 'Plat', 2400, 1, 4000000, 'Del Mar', 8),
(9, 'Hong Kong Vase', '2024-12-08 14:00', 'Galop', 'Plat', 2400, 1, 2500000, 'Sha Tin', 9),
(10, 'Deutsches Derby', '2025-07-06 16:15', 'Galop', 'Plat', 2400, 1, 650000, 'Hambourg', 10),
(11, 'Saudi Cup', '2025-02-22 20:40', 'Galop', 'Plat', 1800, 1, 20000000, 'Riyadh', 11),
(12, 'Melbourne Cup', '2024-11-05 15:00', 'Galop', 'Plat', 3200, 1, 5000000, 'Flemington', 12),
(13, 'Elitloppet Finale', '2025-05-25 17:30', 'Trot', 'Attelé', 1609, 1, 500000, 'Solvalla', 13),
(14, 'Hambletonian', '2025-08-02 15:35', 'Trot', 'Attelé', 1609, 1, 1000000, 'Meadowlands', 14),
(15, 'Grand Prix de la Loterie', '2025-05-01 14:50', 'Trot', 'Attelé', 1600, 1, 800000, 'Naples', 15),
(16, 'Grand Prix de l''UET', '2025-10-12 16:00', 'Trot', 'Attelé', 2140, 1, 400000, 'Vincennes', 16),
(17, 'Prix Rothschild', '2025-08-03 15:55', 'Galop', 'Plat', 1600, 1, 300000, 'Deauville', 17),
(18, 'Prix Jacques Le Marois', '2025-08-17 16:25', 'Galop', 'Plat', 1600, 1, 1000000, 'Deauville', 17),
(19, 'Grand Prix de la Riviera', '2025-02-09 13:50', 'Galop', 'Plat', 2000, 0, 60000, 'Cagnes-sur-Mer', 18),
(20, 'Grand Criterium de Vitesse', '2025-03-09 15:15', 'Trot', 'Attelé', 1609, 1, 200000, 'Cagnes-sur-Mer', 18),
(21, 'Grand Prix de Pau', '2025-01-19 15:15', 'Obstacle', 'Steeple', 5300, 3, 154000, 'Pau', 19),
(22, 'Grande Course de Haies de Pau', '2025-02-02 14:35', 'Obstacle', 'Haies', 4100, 0, 105000, 'Pau', 19),
(23, 'Grand Prix de Vichy', '2025-07-16 20:15', 'Galop', 'Plat', 2000, 3, 80000, 'Vichy', 20),
(24, 'Grand Cross de Craon', '2025-09-07 16:30', 'Obstacle', 'Cross', 6000, 0, 75000, 'Craon', 21),
(25, 'GNT Etape de Nantes', '2024-11-06 13:50', 'Trot', 'Attelé', 3000, 3, 90000, 'Nantes', 22),
(26, 'Criterium de Lyon', '2024-09-19 14:00', 'Galop', 'Plat', 1600, 0, 60000, 'Lyon-Parilly', 23),
(27, 'GNT Etape de Marseille', '2025-03-26 13:50', 'Trot', 'Attelé', 3000, 3, 90000, 'Marseille-Borely', 24),
(28, 'Grand Prix de la Ville de Cabourg', '2025-07-18 20:15', 'Trot', 'Attelé', 2750, 3, 50000, 'Cabourg', 25),
(29, 'Grand Prix de Laval', '2024-11-01 15:15', 'Trot', 'Attelé', 2850, 3, 70000, 'Laval', 26),
(30, 'Grand Prix d''Angers Loire', '2025-04-02 13:50', 'Trot', 'Attelé', 3100, 3, 60000, 'Angers', 27),
(31, 'Prix des Ducs de Normandie', '2025-05-14 13:50', 'Trot', 'Attelé', 2450, 2, 150000, 'Caen', 28),
(32, 'GNT Etape de Reims', '2025-06-18 13:50', 'Trot', 'Attelé', 2550, 3, 90000, 'Reims', 29),
(33, 'GNT Etape 1 Amiens', '2025-03-05 13:50', 'Trot', 'Attelé', 2900, 3, 90000, 'Amiens', 30),
(34, 'Prix du Jockey Club', '2025-06-01 16:05', 'Galop', 'Plat', 2100, 1, 1500000, 'Chantilly', 1),
(35, 'Prix de Diane', '2025-06-15 16:05', 'Galop', 'Plat', 2100, 1, 1000000, 'Chantilly', 1),
(37, 'Grande Course de Haies', '2025-05-17 15:15', 'Obstacle', 'Haies', 5100, 1, 400000, 'Auteuil', 1),
(38, 'Prix Ganay', '2025-04-27 15:50', 'Galop', 'Plat', 2100, 1, 300000, 'ParisLongchamp', 1),
(39, 'Poule d''Essai des Poulains', '2025-05-11 15:15', 'Galop', 'Plat', 1600, 1, 650000, 'ParisLongchamp', 1),
(40, 'Prix de France', '2025-02-09 16:25', 'Trot', 'Attelé', 2100, 1, 400000, 'Vincennes', 2),
(41, 'Prix de Paris', '2025-02-23 15:15', 'Trot', 'Attelé', 4150, 1, 400000, 'Vincennes', 2),
(42, 'Prix de Cornulier', '2025-01-19 15:15', 'Trot', 'Monté', 2700, 1, 700000, 'Vincennes', 2),
(43, 'Criterium Continental', '2024-12-22 15:15', 'Trot', 'Attelé', 2100, 1, 240000, 'Vincennes', 2),
(44, 'Prix de Normandie', '2025-06-22 15:15', 'Trot', 'Monté', 3000, 1, 240000, 'Vincennes', 2),
(45, 'Prix Exbury', '2025-03-16 14:30', 'Galop', 'Plat', 2000, 3, 80000, 'Saint-Cloud', 1),
(46, 'Prix de la Porte Maillot', '2025-06-19 18:00', 'Galop', 'Plat', 1400, 3, 80000, 'ParisLongchamp', 1),
(47, 'Prix de Bretagne', '2024-11-17 15:15', 'Trot', 'Attelé', 2700, 2, 120000, 'Vincennes', 2),
(48, 'Prix du Bourbonnais', '2024-12-08 15:15', 'Trot', 'Attelé', 2850, 2, 120000, 'Vincennes', 2),
(49, 'Prix de Bourgogne', '2024-12-29 15:15', 'Trot', 'Attelé', 2100, 2, 120000, 'Vincennes', 2),
(50, 'Prix de Belgique', '2025-01-12 15:15', 'Trot', 'Attelé', 2850, 2, 120000, 'Vincennes', 2);


INSERT INTO Participation (participationid, courseid, resultat, statut)
VALUES 
-- Course 1 (Arc de Triomphe)
(1, 1, '1er', 'Terminé'), (2, 1, '2eme', 'Terminé'), (3, 1, '3eme', 'Terminé'), (4, 1, '4eme', 'Terminé'), (5, 1, '5eme', 'Terminé'),
-- Course 2 (Amérique)
(6, 2, '1er', 'Terminé'), (7, 2, '2eme', 'Terminé'), (8, 2, '3eme', 'Terminé'), (9, 2, '4eme', 'Terminé'), (10, 2, '5eme', 'Terminé'),
-- Course 3
(11, 3, '1er', 'Terminé'), (12, 3, '2eme', 'Terminé'), (13, 3, '3eme', 'Terminé'), (14, 3, '4eme', 'Terminé'), (15, 3, '5eme', 'Terminé'),
-- Course 4
(16, 4, '1er', 'Terminé'), (17, 4, '2eme', 'Terminé'), (18, 4, '3eme', 'Terminé'), (19, 4, '4eme', 'Terminé'), (20, 4, '5eme', 'Terminé'),
-- Course 5
(21, 5, '1er', 'Terminé'), (22, 5, '2eme', 'Terminé'), (23, 5, '3eme', 'Terminé'), (24, 5, '4eme', 'Terminé'), (25, 5, '5eme', 'Terminé'),
-- Course 6
(26, 6, '1er', 'Terminé'), (27, 6, '2eme', 'Terminé'), (28, 6, '3eme', 'Terminé'), (29, 6, '4eme', 'Terminé'), (30, 6, '5eme', 'Terminé'),
-- Course 7
(31, 7, '1er', 'Terminé'), (32, 7, '2eme', 'Terminé'), (33, 7, '3eme', 'Terminé'), (34, 7, '4eme', 'Terminé'), (35, 7, '5eme', 'Terminé'),
-- Course 8
(36, 8, '1er', 'Terminé'), (37, 8, '2eme', 'Terminé'), (38, 8, '3eme', 'Terminé'), (39, 8, '4eme', 'Terminé'), (40, 8, '5eme', 'Terminé'),
-- Course 9
(41, 9, '1er', 'Terminé'), (42, 9, '2eme', 'Terminé'), (43, 9, '3eme', 'Terminé'), (44, 9, '4eme', 'Terminé'), (45, 9, '5eme', 'Terminé'),
-- Course 10
(46, 10, '1er', 'Terminé'), (47, 10, '2eme', 'Terminé'), (48, 10, '3eme', 'Terminé'), (49, 10, '4eme', 'Terminé'), (50, 10, '5eme', 'Terminé'),
-- Course 11
(51, 11, '1er', 'Terminé'), (52, 11, '2eme', 'Terminé'), (53, 11, '3eme', 'Terminé'), (54, 11, '4eme', 'Terminé'), (55, 11, '5eme', 'Terminé'),
-- Course 12
(56, 12, '1er', 'Terminé'), (57, 12, '2eme', 'Terminé'), (58, 12, '3eme', 'Terminé'), (59, 12, '4eme', 'Terminé'), (60, 12, '5eme', 'Terminé'),
-- Course 13
(61, 13, '1er', 'Terminé'), (62, 13, '2eme', 'Terminé'), (63, 13, '3eme', 'Terminé'), (64, 13, '4eme', 'Terminé'), (65, 13, '5eme', 'Terminé'),
-- Course 14
(66, 14, '1er', 'Terminé'), (67, 14, '2eme', 'Terminé'), (68, 14, '3eme', 'Terminé'), (69, 14, '4eme', 'Terminé'), (70, 14, '5eme', 'Terminé'),
-- Course 15
(71, 15, '1er', 'Terminé'), (72, 15, '2eme', 'Terminé'), (73, 15, '3eme', 'Terminé'), (74, 15, '4eme', 'Terminé'), (75, 15, '5eme', 'Terminé'),
-- Course 16
(76, 16, '1er', 'Terminé'), (77, 16, '2eme', 'Terminé'), (78, 16, '3eme', 'Terminé'), (79, 16, '4eme', 'Terminé'), (80, 16, '5eme', 'Terminé'),
-- Course 17
(81, 17, '1er', 'Terminé'), (82, 17, '2eme', 'Terminé'), (83, 17, '3eme', 'Terminé'), (84, 17, '4eme', 'Terminé'), (85, 17, '5eme', 'Terminé'),
-- Course 18
(86, 18, '1er', 'Terminé'), (87, 18, '2eme', 'Terminé'), (88, 18, '3eme', 'Terminé'), (89, 18, '4eme', 'Terminé'), (90, 18, '5eme', 'Terminé'),
-- Course 19
(91, 19, '1er', 'Terminé'), (92, 19, '2eme', 'Terminé'), (93, 19, '3eme', 'Terminé'), (94, 19, '4eme', 'Terminé'), (95, 19, '5eme', 'Terminé'),
-- Course 20
(96, 20, '1er', 'Terminé'), (97, 20, '2eme', 'Terminé'), (98, 20, '3eme', 'Terminé'), (99, 20, '4eme', 'Terminé'), (100, 20, '5eme', 'Terminé'),
-- Course 21
(101, 21, '1er', 'Terminé'), (102, 21, '2eme', 'Terminé'), (103, 21, '3eme', 'Terminé'), (104, 21, '4eme', 'Terminé'), (105, 21, '5eme', 'Terminé'),
-- Course 22
(106, 22, '1er', 'Terminé'), (107, 22, '2eme', 'Terminé'), (108, 22, '3eme', 'Terminé'), (109, 22, '4eme', 'Terminé'), (110, 22, '5eme', 'Terminé'),
-- Course 23
(111, 23, '1er', 'Terminé'), (112, 23, '2eme', 'Terminé'), (113, 23, '3eme', 'Terminé'), (114, 23, '4eme', 'Terminé'), (115, 23, '5eme', 'Terminé'),
-- Course 24
(116, 24, '1er', 'Terminé'), (117, 24, '2eme', 'Terminé'), (118, 24, '3eme', 'Terminé'), (119, 24, '4eme', 'Terminé'), (120, 24, '5eme', 'Terminé'),
-- Course 25
(121, 25, '1er', 'Terminé'), (122, 25, '2eme', 'Terminé'), (123, 25, '3eme', 'Terminé'), (124, 25, '4eme', 'Terminé'), (125, 25, '5eme', 'Terminé'),
-- Course 26
(126, 26, '1er', 'Terminé'), (127, 26, '2eme', 'Terminé'), (128, 26, '3eme', 'Terminé'), (129, 26, '4eme', 'Terminé'), (130, 26, '5eme', 'Terminé'),
-- Course 27
(131, 27, '1er', 'Terminé'), (132, 27, '2eme', 'Terminé'), (133, 27, '3eme', 'Terminé'), (134, 27, '4eme', 'Terminé'), (135, 27, '5eme', 'Terminé'),
-- Course 28
(136, 28, '1er', 'Terminé'), (137, 28, '2eme', 'Terminé'), (138, 28, '3eme', 'Terminé'), (139, 28, '4eme', 'Terminé'), (140, 28, '5eme', 'Terminé'),
-- Course 29
(141, 29, '1er', 'Terminé'), (142, 29, '2eme', 'Terminé'), (143, 29, '3eme', 'Terminé'), (144, 29, '4eme', 'Terminé'), (145, 29, '5eme', 'Terminé'),
-- Course 30
(146, 30, '1er', 'Terminé'), (147, 30, '2eme', 'Terminé'), (148, 30, '3eme', 'Terminé'), (149, 30, '4eme', 'Terminé'), (150, 30, '5eme', 'Terminé'),
-- Course 31
(151, 31, '1er', 'Terminé'), (152, 31, '2eme', 'Terminé'), (153, 31, '3eme', 'Terminé'), (154, 31, '4eme', 'Terminé'), (155, 31, '5eme', 'Terminé'),
-- Course 32
(156, 32, '1er', 'Terminé'), (157, 32, '2eme', 'Terminé'), (158, 32, '3eme', 'Terminé'), (159, 32, '4eme', 'Terminé'), (160, 32, '5eme', 'Terminé'),
-- Course 33
(161, 33, '1er', 'Terminé'), (162, 33, '2eme', 'Terminé'), (163, 33, '3eme', 'Terminé'), (164, 33, '4eme', 'Terminé'), (165, 33, '5eme', 'Terminé'),
-- Course 34
(166, 34, '1er', 'Terminé'), (167, 34, '2eme', 'Terminé'), (168, 34, '3eme', 'Terminé'), (169, 34, '4eme', 'Terminé'), (170, 34, '5eme', 'Terminé'),
-- Course 35
(171, 35, '1er', 'Terminé'), (172, 35, '2eme', 'Terminé'), (173, 35, '3eme', 'Terminé'), (174, 35, '4eme', 'Terminé'), (175, 35, '5eme', 'Terminé'),
-- Course 36
(176, 36, '1er', 'Terminé'), (177, 36, '2eme', 'Terminé'), (178, 36, '3eme', 'Terminé'), (179, 36, '4eme', 'Terminé'), (180, 36, '5eme', 'Terminé'),
-- Course 37
(181, 37, '1er', 'Terminé'), (182, 37, '2eme', 'Terminé'), (183, 37, '3eme', 'Terminé'), (184, 37, '4eme', 'Terminé'), (185, 37, '5eme', 'Terminé'),
-- Course 38
(186, 38, '1er', 'Terminé'), (187, 38, '2eme', 'Terminé'), (188, 38, '3eme', 'Terminé'), (189, 38, '4eme', 'Terminé'), (190, 38, '5eme', 'Terminé'),
-- Course 39
(191, 39, '1er', 'Terminé'), (192, 39, '2eme', 'Terminé'), (193, 39, '3eme', 'Terminé'), (194, 39, '4eme', 'Terminé'), (195, 39, '5eme', 'Terminé'),
-- Course 40
(196, 40, '1er', 'Terminé'), (197, 40, '2eme', 'Terminé'), (198, 40, '3eme', 'Terminé'), (199, 40, '4eme', 'Terminé'), (200, 40, '5eme', 'Terminé');


INSERT INTO Duo (duoid, chevalid, jockeyid, entraineurid, discipline) VALUES
-- Prix de l'arc 2025
(1, 1, 12, 6, 'Galop'),
(2, 2, 13, 7, 'Galop'),
(3, 3, 14, 3, 'Galop'),
(4, 4, 7, 13, 'Galop'),
(5, 5, 10, 2, 'Galop'),
(6, 6, 16, 17, 'Galop'),
(7, 7, 6, 12, 'Galop'),
(8, 8, 3, 18, 'Galop'),
(9, 9, 11, 1, 'Galop'),
(10, 10, 2, 11, 'Galop'),
(11, 11, 1, 15, 'Galop'),
(12, 12, 17, 5, 'Galop'),
(13, 13, 18, 6, 'Galop'),
(14, 14, 19, 19, 'Galop'),
(15, 15, 15, 15, 'Galop'),
(16, 16, 20, 20, 'Galop'),
(17, 17, 4, 18, 'Galop'),
(18, 18, 21, 3, 'Galop'),
-- Autres duo
(19, 7, 22, 1, 'Galop'),  -- Estrange + Hollie Doyle
(20, 8, 8, 4, 'Galop'),   -- Quisisana + Marie Vélon
(21, 9, 11, 4, 'Galop'),  -- Kalpana + Keane
(22, 11, 38, 4, 'Galop'), -- Daryz + Carlos Lopez
(23, 12, 13, 1, 'Galop'), -- Leffard + McMonagle
(24, 13, 15, 1, 'Galop'), -- Cualificar + Kitamura
(25, 16, 25, 8, 'Galop'), -- Alohi Alii + Mickaëlle Michel
(26, 17, 37, 19, 'Galop'),-- Minnie Hauk + Damien Lane
(27, 18, 35, 9, 'Galop'), -- Gezora + Crastus
(28, 20, 19, 2, 'Galop'), -- Hello Youmzain + Foley
(29, 21, 26, 19, 'Galop'),-- Juntos Ganamos + Thomas
(30, 23, 27, 20, 'Galop'),-- Jelitobum + Journiac
(31, 24, 28, 18, 'Galop'),-- Icare Allen + Roussel
(32, 25, 29, 19, 'Galop'),-- Jippie du Cerisier + Molins
(33, 26, 30, 17, 'Galop'),-- Raffles Face + Pacaut
(34, 33, 32, 8, 'Galop'), -- Horizon Dore + Chevillard
(35, 35, 33, 2, 'Galop'), -- Astre Royal + Tosaki
(36, 36, 34, 11, 'Galop'),-- Quintessia + Moreira
(37, 37, 36, 3, 'Galop'), -- Emerald Falcon + Sophie Martin
(38, 38, 39, 1, 'Galop'), -- Tornado Lys + Gonzalez
(39, 39, 21, 4, 'Galop'), -- Saphir d'Empire + Marquand
(40, 40, 1, 13, 'Galop'), -- Vol de Minuit + Barzalona 
(41, 4, 4, 1, 'Galop'),   -- Sosie (Autre monte) + Soumillon
(42, 32, 2, 3, 'Galop'),  -- Ace Impact (Autre monte) + Guyon
(43, 29, 17, 12, 'Galop'),-- Big Rock (Autre monte) + Demuro
(44, 31, 7, 5, 'Galop'),  -- Blue Rose Cen (Autre monte) + Pasquier
(45, 10, 1, 11, 'Galop'), -- Aventure (Autre monte) + Barzalona
(46, 5, 11, 2, 'Galop'),  -- Los Angeles (Autre monte) + Keane
(47, 19, 22, 15, 'Galop'),-- Il Est Français + Doyle
(48, 1, 16, 6, 'Galop'),  -- Giavellotto + Murphy
(49, 34, 20, 12, 'Galop'),-- Simca Mille + Lemaire
(50, 30, 18, 11, 'Galop');-- Feed The Flame + Buick


INSERT INTO Duo (duoid, chevalid, jockeyid, entraineurid, discipline) VALUES
(51, 41, 62, 21, 'Trot'), -- Idao de Tillard + Clément Duvaldestin + Thierry Duvaldestin
(52, 42, 41, 22, 'Trot'), -- Horsy Dream + Eric Raffin + Belloche
(53, 43, 42, 23, 'Trot'), -- Hooker Berry + JMB + JMB
(54, 44, 43, 24, 'Trot'), -- Hokkaido Jiel + Matthieu Abrivard + Dersoir
(55, 45, 53, 25, 'Trot'), -- Go On Boy + Romain Derieux + Derieux
(56, 46, 46, 26, 'Trot'), -- Hussard du Landret + Benjamin Rochard + Robin
(57, 47, 45, 27, 'Trot'), -- Italiano Vero + David Thomain + Allaire
(58, 48, 41, 27, 'Trot'), -- Izoard Vedaquais + Eric Raffin + Allaire
(59, 49, 46, 29, 'Trot'), -- Gu d'Héripré + Rochard + Souloy
(60, 50, 48, 26, 'Trot'), -- Emeraude de Bais + Franck Nivard + Robin
(61, 51, 43, 31, 'Trot'), -- Vivid Wise As + M.Abrivard + Gocciadoro
(62, 52, 75, 30, 'Trot'), -- San Moteur + Bjorn Goop + Goop
(63, 53, 48, 29, 'Trot'), -- Ampia Mede SM + Nivard + Souloy
(64, 54, 41, 32, 'Trot'), -- Hail Mary + Raffin + Redén
(65, 55, 50, 32, 'Trot'), -- Don Fanucci Zet + Gabriele Gelormini + Redén
(66, 56, 74, 31, 'Trot'), -- Vernissage Grif + Gocciadoro + Gocciadoro
(67, 57, 46, 30, 'Trot'), -- Joviality + Rochard + Goop
(68, 58, 50, 31, 'Trot'), -- Capital Mail + Gelormini + Gocciadoro
(69, 59, 74, 31, 'Trot'), -- Banderas Bi + Gocciadoro
(70, 60, 74, 31, 'Trot'), -- Bengurion Jet + Gocciadoro
(71, 61, 42, 23, 'Trot'), -- Jushua Tree + JMB + JMB
(72, 62, 46, 27, 'Trot'), -- Just A Gigolo + Rochard + Allaire
(73, 63, 45, 27, 'Trot'), -- Koctel du Dain + Thomain + Allaire
(74, 64, 46, 36, 'Trot'), -- Kana de Beylev + Rochard + C.Thomain
(75, 65, 48, 28, 'Trot'), -- Krack Time Atout + Nivard + Guarato
(76, 66, 48, 23, 'Trot'), -- Kyrielle + Nivard + JMB
(77, 67, 42, 23, 'Trot'), -- Liza Josselyn + JMB + JMB
(78, 68, 44, 27, 'Trot'), -- Luciano Menuet + Alexandre Abrivard + Allaire
(79, 69, 41, 33, 'Trot'), -- Lovino Bello + Raffin + LC.Abrivard
(80, 70, 61, 21, 'Trot'), -- Jack Tonic + Théo Duvaldestin + T.Duvaldestin
(81, 71, 49, 38, 'Trot'), -- Etonnant + Anthony Barrier + Westerink
(82, 72, 65, 39, 'Trot'), -- Délia du Pommereux + Pierre-Yves Verva + Roger
(83, 73, 52, 29, 'Trot'), -- Diable de Vauvert + Tony LeBeller + Souloy
(84, 74, 42, 23, 'Trot'), -- Elie de Beaufour + JMB + JMB
(85, 75, 59, 34, 'Trot'), -- Fakir de Mahey + Mathieu Mottier + Mottier
(86, 76, 42, 23, 'Trot'), -- Ganay de Banville + JMB + JMB
(87, 77, 43, 24, 'Trot'), -- Gaspar de Brion + M.Abrivard + Dersoir
(88, 78, 48, 22, 'Trot'), -- Happy Valley + Nivard + Belloche
(89, 79, 44, 33, 'Trot'), -- Inmarosa + Alexandre Abrivard + LC.Abrivard
(90, 80, 43, 23, 'Trot'), -- Ideal du Pommeau + M.Abrivard + JMB
(91, 41, 61, 21, 'Trot'), -- Idao (Autre monte) + Théo Duvaldestin
(92, 43, 48, 23, 'Trot'), -- Hooker (Autre monte) + Nivard
(93, 51, 74, 31, 'Trot'), -- Vivid (Autre monte) + Gocciadoro
(94, 61, 41, 23, 'Trot'), -- Jushua Tree (Autre monte) + Raffin
(95, 62, 44, 27, 'Trot'), -- Just A Gigolo (Autre monte) + A.Abrivard
(96, 45, 41, 25, 'Trot'), -- Go On Boy (Autre monte) + Raffin
(97, 53, 43, 29, 'Trot'), -- Ampia (Autre monte) + M.Abrivard
(98, 42, 46, 22, 'Trot'), -- Horsy Dream (Autre monte) + Rochard
(99, 71, 41, 38, 'Trot'), -- Etonnant (Autre monte) + Raffin
(100, 52, 41, 30, 'Trot'); -- San Moteur (Autre monte) + Raffin


INSERT INTO Inscription (participationid, duoid, statut, frais_inscrip) VALUES
(1, 15, 'Validé', 10000), 
(2, 1,  'Validé', 10000),
(3, 2,  'Validé', 10000),
(4, 3,  'Validé', 10000),
(5, 4,  'Validé', 10000),
-- COURSE 2 : GALOP (Reste des Duos < 50)
(6, 6,  'Validé', 2500),
(7, 7,  'Validé', 2500),
(8, 8,  'Validé', 2500),
(9, 9,  'Validé', 2500),
(10, 10, 'Validé', 2500),
-- COURSE 3 : GALOP
(11, 11, 'Validé', 800),
(12, 12, 'Validé', 800),
(13, 13, 'Validé', 800),
(14, 14, 'Validé', 800),
(15, 16, 'Validé', 800), 
-- COURSE 4 : GALOP
(16, 17, 'Validé', 5600),
(17, 18, 'Validé', 5600),
(18, 19, 'Validé', 5600),
(19, 20, 'Validé', 5600),
(20, 21, 'Validé', 5600),
-- COURSE 5 : GALOP
(21, 22, 'Validé', 1200),
(22, 23, 'Validé', 1200),
(23, 24, 'Validé', 1200),
(24, 25, 'Validé', 1200),
(25, 26, 'Validé', 1200),
-- COURSE 6 : GALOP
(26, 27, 'Validé', 9000),
(27, 28, 'Validé', 9000),
(28, 29, 'Validé', 9000),
(29, 30, 'Validé', 9000),
(30, 31, 'Validé', 9000),
-- COURSE 7 : GALOP
(31, 32, 'Validé', 650),
(32, 33, 'Validé', 650),
(33, 34, 'Validé', 650),
(34, 35, 'Validé', 650),
(35, 36, 'Validé', 650),
-- COURSE 8 : GALOP
(36, 37, 'Validé', 4300),
(37, 38, 'Validé', 4300),
(38, 39, 'Validé', 4300),
(39, 40, 'Validé', 4300),
(40, 41, 'Validé', 4300),
-- COURSE 9 : TROT (Duos 51-60 obligatoires)
(41, 51, 'Validé', 7800),
(42, 52, 'Validé', 7800),
(43, 53, 'Validé', 7800),
(44, 54, 'Validé', 7800),
(45, 55, 'Validé', 7800),
-- COURSE 10 : TROT
(46, 56, 'Validé', 1500),
(47, 57, 'Validé', 1500),
(48, 58, 'Validé', 1500),
(49, 59, 'Validé', 1500),
(50, 60, 'Validé', 1500);


INSERT INTO Parieur (parieurid, nom, prenom, datenaiss, solde) VALUES
(1, 'ECONOMIE', 'Béatrice', '1965-05-15', 0),
(2, 'ACCETO', 'Raphaël', '1974-10-09', 0),
(3, 'MACHOUILLANT', 'Alexis', '2005-02-18', 0),
(4, 'CATORZE', 'Louis', '1683-09-05', 0),
(5, 'DUBARAGE', 'Phillipe', '1960-06-24', 0),
(6, 'LAMIE', 'Nora', '1971-11-04', 0),
(7, 'LAMER', 'Kendrick', '1987-06-17', 0),
(8, 'CARTIER', 'Jordan', '1996-09-13', 0),
(9, 'OLIVIER', 'Gabriel', '2002-11-25', 0),
(10, 'LAVAL', 'Camille', '2004-03-03', 0),
(11, 'PETITE-BOITE', 'Franck', '1959-08-25', 0),
(12, 'COPIE', 'Magalie', '1978-01-02', 0),
(13, 'ALDI', 'Adrian', '0002-03-05', 0),
(14, 'WEBER', 'Jacques', '1991-04-30', 0),
(15, 'BERNARD', 'Delphine', '1964-12-23', 0),
(16, 'PATRICA', 'Alex', '1985-09-24', 0),
(17, 'OKLAHOMA', 'Tyler', '1991-03-06', 0),
(18, 'HATSU', 'Miku', '2007-08-31', 0),
(19, 'GOUTER', 'Marine', '2005-01-25', 0),
(20, 'SIMONE', 'Agathe', '1998-07-15', 0),
(21, 'ALLONGEOEIL', 'Pierre', '1979-10-10', 0),
(22, 'BERNARD', 'Olivier', '1968-04-26', 0),
(23, 'RAZOIRTROPTO', 'Erwan', '2005-05-18', 0),
(24, 'CHOUETTE', 'Sandrine', '1958-12-12', 0),
(25, 'DOS', 'Clara', '2000-09-13', 0),
(26, 'BELPIEUVRE', 'Lana', '1985-06-21', 0),
(27, 'SOUTH', 'Kanye', '1977-06-08', 0),
(28, 'BIBU', 'Hélène', '1975-07-06', 0),
(29, 'CACHETTE', 'Emel', '2005-10-24', 0),
(30, 'TSIXSEVEN', 'Ider', '1967-06-07', 0);


INSERT INTO Paris (parisid, parieurid, participationid, typeparis, montant, statut) 
VALUES(1, 1, 46, 'Simple Gagnant', 47, 'Gagné'),
(2, 1, 49, 'Simple Gagnant', 10, 'Perdu'),
(3, 1, 11, 'Simple Gagnant', 44, 'Gagné'),
(4, 2, 7, 'Simple Placé', 47, 'Gagné'),
(5, 2, 44, 'Simple Gagnant', 31, 'Perdu'),
(6, 3, 38, 'Simple Placé', 28, 'Gagné'),
(7, 3, 12, 'Simple Gagnant', 43, 'Perdu'),
(8, 4, 47, 'Simple Placé', 44, 'Gagné'),
(9, 4, 29, 'Simple Placé', 11, 'Perdu'),
(10, 5, 1, 'Simple Gagnant', 50, 'Gagné'),
(11, 5, 1, 'Simple Gagnant', 35, 'Gagné'),
(12, 5, 7, 'Simple Placé', 4, 'Gagné'),
(13, 6, 18, 'Simple Gagnant', 28, 'Perdu'),
(14, 6, 42, 'Simple Gagnant', 5, 'Perdu'),
(15, 7, 7, 'Simple Gagnant', 14, 'Perdu'),
(16, 7, 28, 'Simple Gagnant', 40, 'Perdu'),
(17, 8, 6, 'Simple Placé', 24, 'Gagné'),
(18, 8, 25, 'Simple Placé', 6, 'Perdu'),
(19, 9, 50, 'Simple Gagnant', 10, 'Perdu'),
(20, 9, 40, 'Simple Placé', 9, 'Perdu'),
(21, 9, 42, 'Simple Gagnant', 44, 'Perdu'),
(22, 10, 11, 'Simple Placé', 10, 'Gagné'),
(23, 10, 40, 'Simple Gagnant', 28, 'Perdu'),
(24, 11, 5, 'Simple Placé', 40, 'Perdu'),
(25, 11, 49, 'Simple Placé', 30, 'Perdu'),
(26, 12, 5, 'Simple Gagnant', 28, 'Perdu'),
(27, 12, 38, 'Simple Placé', 7, 'Gagné'),
(28, 13, 3, 'Simple Placé', 6, 'Gagné'),
(29, 13, 18, 'Simple Gagnant', 7, 'Perdu'),
(30, 14, 32, 'Simple Placé', 22, 'Gagné'),
(31, 14, 9, 'Simple Placé', 14, 'Perdu'),
(32, 15, 45, 'Simple Gagnant', 3, 'Perdu'),
(33, 15, 35, 'Simple Placé', 43, 'Perdu'),
(34, 16, 43, 'Simple Gagnant', 37, 'Perdu'),
(35, 16, 44, 'Simple Placé', 38, 'Perdu'),
(36, 17, 15, 'Simple Placé', 19, 'Perdu'),
(37, 17, 7, 'Simple Gagnant', 5, 'Perdu'),
(38, 18, 26, 'Simple Gagnant', 2, 'Gagné'),
(39, 18, 38, 'Simple Gagnant', 13, 'Perdu'),
(40, 18, 20, 'Simple Gagnant', 39, 'Perdu'),
(41, 19, 5, 'Simple Placé', 27, 'Perdu'),
(42, 19, 21, 'Simple Placé', 27, 'Gagné'),
(43, 19, 19, 'Simple Placé', 12, 'Perdu'),
(44, 20, 6, 'Simple Placé', 24, 'Gagné'),
(45, 20, 16, 'Simple Gagnant', 45, 'Gagné'),
(46, 21, 47, 'Simple Gagnant', 29, 'Perdu'),
(47, 21, 37, 'Simple Placé', 27, 'Gagné'),
(48, 21, 46, 'Simple Placé', 46, 'Gagné'),
(49, 22, 8, 'Simple Placé', 31, 'Gagné'),
(50, 22, 13, 'Simple Gagnant', 7, 'Perdu'),
(51, 22, 13, 'Simple Placé', 36, 'Gagné'),
(52, 23, 2, 'Simple Gagnant', 19, 'Perdu'),
(53, 23, 26, 'Simple Placé', 44, 'Gagné'),
(54, 24, 43, 'Simple Placé', 36, 'Gagné'),
(55, 24, 22, 'Simple Placé', 7, 'Gagné'),
(56, 24, 45, 'Simple Placé', 40, 'Perdu'),
(57, 25, 28, 'Simple Gagnant', 15, 'Perdu'),
(58, 25, 49, 'Simple Gagnant', 22, 'Perdu'),
(59, 25, 37, 'Simple Gagnant', 6, 'Perdu'),
(60, 26, 19, 'Simple Gagnant', 28, 'Perdu'),
(61, 26, 46, 'Simple Placé', 18, 'Gagné'),
(62, 27, 25, 'Simple Gagnant', 18, 'Perdu'),
(63, 27, 10, 'Simple Gagnant', 49, 'Perdu'),
(64, 27, 2, 'Simple Placé', 31, 'Gagné'),
(65, 28, 20, 'Simple Placé', 46, 'Perdu'),
(66, 28, 18, 'Simple Gagnant', 5, 'Perdu'),
(67, 28, 12, 'Simple Gagnant', 38, 'Perdu'),
(68, 29, 12, 'Simple Gagnant', 41, 'Perdu'),
(69, 29, 44, 'Simple Placé', 31, 'Perdu'),
(70, 29, 3, 'Simple Placé', 21, 'Gagné'),
(71, 30, 44, 'Simple Placé', 10, 'Perdu'),
(72, 30, 20, 'Simple Placé', 36, 'Perdu'),
(73, 30, 29, 'Simple Gagnant', 39, 'Perdu');

